x		y		HR.State		HR		Stab.State		water.d		water.v		walk.speed		b.height		b.mass		gender
82.341		214.715		0		0.000		0		0.000		0.000		1.390		1.639		61.566		1
101.174		278.665		0		0.000		0		0.000		0.000		1.390		1.799		84.576		2
96.997		236.284		0		0.000		0		0.000		0.000		1.390		1.791		69.222		2
97.459		249.463		0		0.000		0		0.000		0.000		1.390		1.791		69.222		2
104.226		246.147		0		0.000		0		0.000		0.000		1.390		1.791		69.222		2
178.575		254.243		0		0.000		0		0.000		0.000		1.390		1.931		91.136		1
101.703		269.423		0		0.000		0		0.000		0.000		1.390		1.933		87.546		2
97.063		234.058		0		0.000		0		0.000		0.000		1.390		1.829		86.221		2
110.648		246.759		0		0.000		0		0.000		0.000		1.390		1.829		86.221		2
175.155		251.491		0		0.000		0		0.000		0.000		1.390		1.829		86.221		2
97.866		223.413		0		0.000		0		0.000		0.000		1.390		1.793		71.730		2
90.806		226.322		0		0.000		0		0.000		0.000		1.390		1.793		71.730		2
114.717		246.401		0		0.000		0		0.000		0.000		1.390		1.793		71.730		2
98.872		194.375		0		0.000		0		0.000		0.000		1.390		1.793		71.730		2
185.933		247.894		0		0.000		0		0.000		0.000		1.390		1.932		97.381		1
100.798		244.403		0		0.000		0		0.000		0.000		1.390		1.803		72.749		1
88.135		228.686		0		0.000		0		0.000		0.000		1.390		1.803		72.749		1
100.927		247.479		0		0.000		0		0.000		0.000		1.390		1.803		72.749		1
128.391		252.169		0		0.000		0		0.000		0.000		1.390		1.803		72.749		1
168.360		250.946		0		0.000		0		0.000		0.000		1.390		1.803		72.749		1
157.410		228.031		0		0.000		0		0.000		0.000		1.390		1.803		72.749		1
177.846		249.127		0		0.000		0		0.000		0.000		1.390		1.803		72.749		1
180.168		239.995		0		0.000		0		0.000		0.000		1.390		1.803		72.749		1
181.633		248.083		0		0.000		0		0.000		0.000		1.390		1.803		72.749		1
187.210		239.005		0		0.000		0		0.000		0.000		1.390		1.803		72.749		1
108.351		251.616		0		0.000		0		0.000		0.000		1.390		1.821		80.277		2
172.530		250.571		0		0.000		0		0.000		0.000		1.390		1.821		80.277		2
180.804		237.140		0		0.000		0		0.000		0.000		1.390		1.821		80.277		2
186.372		230.835		0		0.000		0		0.000		0.000		1.390		1.821		80.277		2
196.855		234.282		0		0.000		0		0.000		0.000		1.390		1.631		65.791		1
95.195		258.675		0		0.000		0		0.000		0.000		1.390		1.402		42.627		1
112.720		251.523		0		0.000		0		0.000		0.000		1.390		1.805		85.316		1
118.756		244.217		0		0.000		0		0.000		0.000		1.390		1.805		85.316		1
157.027		244.248		0		0.000		0		0.000		0.000		1.390		1.805		85.316		1
176.690		247.869		0		0.000		0		0.000		0.000		1.390		1.805		85.316		1
100.276		273.151		0		0.000		0		0.000		0.000		1.390		1.635		67.304		2
73.310		214.517		0		0.000		0		0.000		0.000		1.390		1.637		70.987		2
104.971		252.921		0		0.000		0		0.000		0.000		1.390		1.639		69.229		1
105.059		230.368		0		0.000		0		0.000		0.000		1.390		1.637		70.987		2
168.071		235.386		0		0.000		0		0.000		0.000		1.390		1.637		70.987		2
178.388		242.046		0		0.000		0		0.000		0.000		1.390		1.637		70.987		2
183.543		234.425		0		0.000		0		0.000		0.000		1.390		1.637		70.987		2
116.849		318.229		0		0.000		0		0.000		0.000		1.390		1.934		86.785		1
102.916		223.943		0		0.000		0		0.000		0.000		1.390		1.833		83.921		1
114.787		233.159		0		0.000		0		0.000		0.000		1.390		1.833		83.921		1
143.735		221.894		0		0.000		0		0.000		0.000		1.390		1.833		83.921		1
174.197		247.731		0		0.000		0		0.000		0.000		1.390		1.833		83.921		1
97.422		276.228		0		0.000		0		0.000		0.000		1.390		1.744		78.814		2
101.261		224.854		0		0.000		0		0.000		0.000		1.390		1.797		79.488		2
92.335		226.876		0		0.000		0		0.000		0.000		1.390		1.797		79.488		2
101.606		239.355		0		0.000		0		0.000		0.000		1.390		1.797		79.488		2
109.639		214.886		0		0.000		0		0.000		0.000		1.390		1.797		79.488		2
92.804		231.187		0		0.000		0		0.000		0.000		1.390		1.728		72.564		1
100.792		234.486		0		0.000		0		0.000		0.000		1.390		1.728		72.564		1
93.551		212.585		0		0.000		0		0.000		0.000		1.390		1.800		76.647		2
115.671		211.449		0		0.000		0		0.000		0.000		1.390		1.728		72.564		1
182.914		239.708		0		0.000		0		0.000		0.000		1.390		1.728		72.564		1
182.817		250.002		0		0.000		0		0.000		0.000		1.390		1.806		85.265		1
87.398		209.503		0		0.000		0		0.000		0.000		1.390		1.746		70.151		1
88.362		208.652		0		0.000		0		0.000		0.000		1.362		1.746		70.151		1
106.182		226.479		0		0.000		0		0.000		0.000		1.390		1.746		70.151		1
99.277		225.811		0		0.000		0		0.000		0.000		1.390		1.792		81.211		2
107.731		248.341		0		0.000		0		0.000		0.000		1.390		1.746		70.151		1
185.675		241.477		0		0.000		0		0.000		0.000		1.390		1.746		70.151		1
92.006		209.383		0		0.000		0		0.000		0.000		1.390		1.810		83.247		1
126.489		243.413		0		0.000		0		0.000		0.000		1.390		1.810		83.247		1
179.882		244.586		0		0.000		0		0.000		0.000		1.390		1.810		83.247		1
184.401		232.670		0		0.000		0		0.000		0.000		1.390		1.810		83.247		1
97.133		252.536		0		0.000		0		0.000		0.000		1.390		1.746		79.917		1
102.189		256.011		0		0.000		0		0.000		0.000		1.390		1.727		75.820		1
98.258		241.773		0		0.000		0		0.000		0.000		1.390		1.639		58.649		2
175.539		239.147		0		0.000		0		0.000		0.000		1.390		1.639		58.649		2
188.382		239.467		0		0.000		0		0.000		0.000		1.390		1.639		58.649		2
190.483		243.529		0		0.000		0		0.000		0.000		1.390		1.784		83.740		1
101.877		203.034		0		0.000		0		0.000		0.000		1.390		1.759		83.968		2
107.151		236.476		0		0.000		0		0.000		0.000		1.390		1.759		83.968		2
193.560		234.308		0		0.000		0		0.000		0.000		1.390		1.783		83.082		1
107.910		226.565		0		0.000		0		0.000		0.000		1.390		1.640		61.260		2
182.421		242.418		0		0.000		0		0.000		0.000		1.390		1.640		61.260		2
197.838		219.497		0		0.000		0		0.000		0.000		1.390		1.640		61.260		2
98.922		261.604		0		0.000		0		0.000		0.000		1.390		1.638		57.833		1
174.210		238.738		0		0.000		0		0.000		0.000		1.390		1.735		70.727		1
95.702		224.175		0		0.000		0		0.000		0.000		1.390		1.753		78.372		2
176.401		240.414		0		0.000		0		0.000		0.000		1.390		1.753		78.372		2
182.616		231.393		0		0.000		0		0.000		0.000		1.390		1.753		78.372		2
96.608		270.417		0		0.000		0		0.000		0.000		1.390		1.770		71.416		2
104.067		241.694		0		0.000		0		0.000		0.000		1.390		1.737		83.526		1
132.283		236.983		0		0.000		0		0.000		0.000		1.390		1.737		83.526		1
108.101		243.290		0		0.000		0		0.000		0.000		1.390		1.809		73.189		2
131.093		232.043		0		0.000		0		0.000		0.000		1.390		1.809		73.189		2
189.548		232.053		0		0.000		0		0.000		0.000		1.390		1.809		73.189		2
186.361		237.751		0		0.000		0		0.000		0.000		1.390		1.809		73.189		2
190.789		233.403		0		0.000		0		0.000		0.000		1.390		1.809		73.189		2
130.290		312.592		0		0.000		0		0.000		0.000		1.390		1.733		74.673		2
90.131		231.510		0		0.000		0		0.000		0.000		1.390		1.767		82.363		2
108.059		238.148		0		0.000		0		0.000		0.000		1.390		1.767		82.363		2
195.265		218.337		0		0.000		0		0.000		0.000		1.390		1.767		82.363		2
123.406		235.150		0		0.000		0		0.000		0.000		1.390		1.732		78.046		2
186.982		225.417		0		0.000		0		0.000		0.000		1.390		1.732		78.046		2
195.891		223.494		0		0.000		0		0.000		0.000		1.390		1.732		78.046		2
192.061		239.596		0		0.000		0		0.000		0.000		1.390		1.641		70.583		1
87.695		216.028		0		0.000		0		0.000		0.000		1.390		1.823		87.238		1
109.485		220.979		0		0.000		0		0.000		0.000		1.390		1.823		87.238		1
91.127		201.070		0		0.000		0		0.000		0.000		1.390		1.931		93.879		1
100.606		222.827		0		0.000		0		0.000		0.000		1.390		1.931		93.879		1
109.363		230.239		0		0.000		0		0.000		0.000		1.390		1.931		93.879		1
92.539		208.039		0		0.000		0		0.000		0.000		1.390		1.931		93.879		1
184.853		236.803		0		0.000		0		0.000		0.000		1.390		1.931		93.879		1
192.362		233.832		0		0.000		0		0.000		0.000		1.390		1.931		93.879		1
96.536		220.121		0		0.000		0		0.000		0.000		1.390		1.746		82.152		1
105.220		237.084		0		0.000		0		0.000		0.000		1.390		1.746		82.152		1
141.847		242.338		0		0.000		0		0.000		0.000		1.390		1.746		82.152		1
190.555		222.158		0		0.000		0		0.000		0.000		1.390		1.746		82.152		1
112.633		321.512		0		0.000		0		0.000		0.000		1.390		1.935		98.651		2
120.048		320.633		0		0.000		0		0.000		0.000		1.390		1.824		87.952		1
90.666		213.248		0		0.000		0		0.000		0.000		1.390		1.818		81.874		2
135.448		232.011		0		0.000		0		0.000		0.000		1.390		1.818		81.874		2
182.133		225.712		0		0.000		0		0.000		0.000		1.390		1.818		81.874		2
180.268		233.399		0		0.000		0		0.000		0.000		1.390		1.818		81.874		2
189.441		241.284		0		0.000		0		0.000		0.000		1.390		1.834		86.285		2
122.067		316.459		0		0.000		0		0.000		0.000		1.390		1.635		54.710		2
92.266		207.024		0		0.000		0		0.000		0.000		1.390		1.938		87.305		2
85.665		214.173		0		0.000		0		0.000		0.000		1.390		1.938		87.305		2
150.745		234.871		0		0.000		0		0.000		0.000		1.390		1.938		87.305		2
94.478		221.009		0		0.000		0		0.000		0.000		1.390		1.821		84.846		2
86.464		228.975		0		0.000		0		0.000		0.000		1.390		1.821		84.846		2
200.885		219.070		0		0.000		0		0.000		0.000		1.390		1.821		84.846		2
94.058		207.720		0		0.000		0		0.000		0.000		1.307		1.833		86.097		1
187.142		234.985		0		0.000		0		0.000		0.000		1.390		1.833		86.097		1
196.545		219.600		0		0.000		0		0.000		0.000		1.390		1.833		86.097		1
197.832		227.191		0		0.000		0		0.000		0.000		1.390		1.403		42.741		1
93.190		212.444		0		0.000		0		0.000		0.000		1.390		1.936		102.298		1
112.239		223.993		0		0.000		0		0.000		0.000		1.390		1.936		102.298		1
95.696		229.618		0		0.000		0		0.000		0.000		1.390		1.936		102.298		1
175.611		235.244		0		0.000		0		0.000		0.000		1.390		1.928		88.311		1
194.049		218.121		0		0.000		0		0.000		0.000		1.390		1.928		88.311		1
193.561		231.157		0		0.000		0		0.000		0.000		1.390		1.928		88.311		1
81.147		217.529		0		0.000		0		0.000		0.000		1.390		1.748		72.906		2
99.177		209.703		0		0.000		0		0.000		0.000		1.390		1.748		72.906		2
171.885		234.686		0		0.000		0		0.000		0.000		1.390		1.748		72.906		2
184.417		228.280		0		0.000		0		0.000		0.000		1.390		1.748		72.906		2
197.832		235.662		0		0.000		0		0.000		0.000		1.390		1.802		75.540		1
116.577		316.719		0		0.000		0		0.000		0.000		1.390		1.732		69.172		1
87.379		205.226		0		0.000		0		0.000		0.000		1.390		1.633		54.817		2
92.177		216.847		0		0.000		0		0.000		0.000		1.390		1.633		54.817		2
94.316		216.100		0		0.000		0		0.000		0.000		1.390		1.633		54.817		2
114.530		223.921		0		0.000		0		0.000		0.000		1.390		1.633		54.817		2
188.043		232.064		0		0.000		0		0.000		0.000		1.390		1.633		54.817		2
119.299		319.329		0		0.000		0		0.000		0.000		1.390		1.937		91.041		1
101.222		251.835		0		0.000		0		0.000		0.000		1.390		1.935		99.830		1
95.728		211.131		0		0.000		0		0.000		0.000		1.390		1.832		73.994		2
101.530		218.504		0		0.000		0		0.000		0.000		1.390		1.832		73.994		2
182.424		221.483		0		0.000		0		0.000		0.000		1.390		1.832		73.994		2
116.588		321.914		0		0.000		0		0.000		0.000		1.390		1.634		62.137		1
98.306		255.559		0		0.000		0		0.000		0.000		1.390		2.098		118.182		2
94.706		199.917		0		0.000		0		0.000		0.000		1.390		1.764		67.303		1
105.418		223.329		0		0.000		0		0.000		0.000		1.390		1.764		67.303		1
97.371		216.602		0		0.000		0		0.000		0.000		1.390		1.764		67.303		1
178.570		229.612		0		0.000		0		0.000		0.000		1.390		1.764		67.303		1
193.070		227.158		0		0.000		0		0.000		0.000		1.390		1.764		67.303		1
89.458		213.525		0		0.000		0		0.000		0.000		1.390		1.783		85.121		1
118.921		232.588		0		0.000		0		0.000		0.000		1.390		1.783		85.121		1
119.931		214.532		0		0.000		0		0.000		0.000		1.390		1.783		85.121		1
196.240		231.007		0		0.000		0		0.000		0.000		1.390		1.799		84.688		2
123.634		317.647		0		0.000		0		0.000		0.000		1.390		1.774		68.665		2
96.661		240.809		0		0.000		0		0.000		0.000		1.390		1.771		80.709		1
98.758		219.560		0		0.000		0		0.000		0.000		1.390		1.934		87.045		1
88.027		220.144		0		0.000		0		0.000		0.000		1.390		1.934		87.045		1
115.431		229.829		0		0.000		0		0.000		0.000		1.390		1.934		87.045		1
126.900		230.061		0		0.000		0		0.000		0.000		1.390		1.934		87.045		1
147.494		216.708		0		0.000		0		0.000		0.000		1.390		1.934		87.045		1
174.639		228.835		0		0.000		0		0.000		0.000		1.390		1.816		78.038		2
184.862		221.633		0		0.000		0		0.000		0.000		1.390		1.934		87.045		1
185.384		229.111		0		0.000		0		0.000		0.000		1.390		1.934		87.045		1
188.617		226.514		0		0.000		0		0.000		0.000		1.390		1.934		87.045		1
131.999		183.808		0		0.000		0		0.000		0.000		1.390		1.934		87.045		1
99.029		200.742		0		0.000		0		0.000		0.000		1.390		1.760		82.286		2
91.986		212.694		0		0.000		0		0.000		0.000		1.390		1.760		82.286		2
107.311		231.415		0		0.000		0		0.000		0.000		1.390		1.760		82.286		2
98.665		213.565		0		0.000		0		0.000		0.000		1.390		1.760		82.286		2
128.610		310.522		0		0.000		0		0.000		0.000		1.390		1.807		79.621		2
106.424		221.032		0		0.000		0		0.000		0.000		1.390		1.799		79.633		2
135.424		214.317		0		0.000		0		0.000		0.000		1.390		1.799		79.633		2
121.705		313.689		0		0.000		0		0.000		0.000		1.390		1.767		69.032		1
86.800		215.681		0		0.000		0		0.000		0.000		1.390		1.765		85.490		2
77.498		209.325		0		0.000		0		0.000		0.000		1.390		1.765		85.490		2
108.581		211.112		0		0.000		0		0.000		0.000		1.390		1.765		85.490		2
125.529		311.979		0		0.000		0		0.000		0.000		1.390		1.636		70.735		2
111.835		230.224		0		0.000		0		0.000		0.000		1.390		1.777		86.857		1
119.801		226.616		0		0.000		0		0.000		0.000		1.390		1.777		86.857		1
119.308		220.206		0		0.000		0		0.000		0.000		1.390		1.777		86.857		1
127.993		207.808		0		0.000		0		0.000		0.000		1.390		1.777		86.857		1
93.419		207.688		0		0.000		0		0.000		0.000		1.390		1.796		74.733		1
116.510		214.049		0		0.000		0		0.000		0.000		1.390		1.796		74.733		1
127.702		213.877		0		0.000		0		0.000		0.000		1.390		1.796		74.733		1
143.753		230.916		0		0.000		0		0.000		0.000		1.390		1.796		74.733		1
126.294		314.558		0		0.000		0		0.000		0.000		1.390		1.825		77.831		1
129.824		308.453		0		0.000		0		0.000		0.000		1.390		1.757		74.259		2
92.172		215.088		0		0.000		0		0.000		0.000		1.390		1.781		80.119		2
112.824		212.778		0		0.000		0		0.000		0.000		1.390		1.781		80.119		2
116.852		225.145		0		0.000		0		0.000		0.000		1.390		1.781		80.119		2
121.552		209.901		0		0.000		0		0.000		0.000		1.390		1.781		80.119		2
195.860		226.644		0		0.000		0		0.000		0.000		1.390		1.781		80.119		2
200.012		228.523		0		0.000		0		0.000		0.000		1.390		1.783		69.282		1
119.122		315.188		0		0.000		0		0.000		0.000		1.390		1.400		42.559		1
85.140		238.603		0		0.000		0		0.000		0.000		1.390		1.739		66.687		2
94.503		214.985		0		0.000		0		0.000		0.000		1.390		1.937		98.327		2
190.191		219.819		0		0.000		0		0.000		0.000		1.390		1.937		98.327		2
194.075		213.211		0		0.000		0		0.000		0.000		1.390		1.937		98.327		2
191.562		223.959		0		0.000		0		0.000		0.000		1.390		1.937		98.327		2
93.657		216.062		0		0.000		0		0.000		0.000		1.390		1.813		79.419		2
176.817		222.658		0		0.000		0		0.000		0.000		1.390		1.813		79.419		2
188.186		219.596		0		0.000		0		0.000		0.000		1.390		1.813		79.419		2
190.786		226.195		0		0.000		0		0.000		0.000		1.390		1.813		79.419		2
114.249		241.901		0		0.000		0		0.000		0.000		1.390		1.731		64.406		1
88.385		216.114		0		0.000		0		0.000		0.000		1.390		1.779		75.334		2
197.772		214.581		0		0.000		0		0.000		0.000		1.390		1.779		75.334		2
93.528		254.695		0		0.000		0		0.000		0.000		1.390		1.800		84.392		1
92.643		203.630		0		0.000		0		0.000		0.000		1.390		1.635		61.134		1
138.022		223.597		0		0.000		0		0.000		0.000		1.390		1.635		61.134		1
97.501		206.351		0		0.000		0		0.000		0.000		1.390		1.635		61.134		1
90.457		192.626		0		0.000		0		0.000		0.000		1.390		1.730		66.692		1
105.866		219.277		0		0.000		0		0.000		0.000		1.390		1.730		66.692		1
189.208		214.271		0		0.000		0		0.000		0.000		1.390		1.730		66.692		1
199.261		222.993		0		0.000		0		0.000		0.000		1.390		1.636		67.898		1
88.493		197.773		0		0.000		0		0.000		0.000		1.390		1.796		80.136		1
179.486		218.569		0		0.000		0		0.000		0.000		1.390		1.796		80.136		1
96.041		202.628		0		0.000		0		0.000		0.000		1.390		1.634		56.592		2
94.151		242.349		0		0.000		0		0.000		0.000		1.390		1.936		85.375		1
109.871		225.437		0		0.000		0		0.000		0.000		1.390		1.748		81.553		2
172.391		223.218		0		0.000		0		0.000		0.000		1.390		1.833		78.130		1
93.406		236.085		0		0.000		0		0.000		0.000		1.390		1.744		67.000		1
104.041		212.460		0		0.000		0		0.000		0.000		1.390		1.636		59.726		2
201.858		224.243		0		0.000		0		0.000		0.000		1.390		1.813		84.599		1
94.113		203.357		0		0.000		0		0.000		0.000		1.390		1.727		69.008		1
143.516		215.520		0		0.000		0		0.000		0.000		1.390		1.727		69.008		1
79.546		239.356		0		0.000		0		0.000		0.000		1.390		1.638		58.387		2
102.295		212.770		0		0.000		0		0.000		0.000		1.390		1.746		77.000		2
127.406		173.288		0		0.000		0		0.000		0.000		1.390		1.746		77.000		2
91.545		196.876		0		0.000		0		0.000		0.000		1.390		1.733		82.501		1
97.158		213.523		0		0.000		0		0.000		0.000		1.390		1.802		72.485		1
98.005		213.437		0		0.000		0		0.000		0.000		1.390		1.733		82.501		1
115.018		211.022		0		0.000		0		0.000		0.000		1.390		1.733		82.501		1
129.531		194.063		0		0.000		0		0.000		0.000		1.390		1.733		82.501		1
103.378		212.463		0		0.000		0		0.000		0.000		1.390		1.805		72.513		2
96.604		208.664		0		0.000		0		0.000		0.000		1.390		1.765		82.034		2
95.887		205.093		0		0.000		0		0.000		0.000		1.390		1.765		82.034		2
114.315		213.779		0		0.000		0		0.000		0.000		1.390		1.765		82.034		2
115.118		219.427		0		0.000		0		0.000		0.000		1.390		1.765		82.034		2
173.996		211.778		0		0.000		0		0.000		0.000		1.390		1.765		82.034		2
97.520		201.459		0		0.000		0		0.000		0.000		1.390		1.731		78.064		2
95.075		206.634		0		0.000		0		0.000		0.000		1.390		1.731		78.064		2
106.628		209.391		0		0.000		0		0.000		0.000		1.390		1.731		78.064		2
93.630		210.552		0		0.000		0		0.000		0.000		1.390		1.824		87.605		1
97.982		210.219		0		0.000		0		0.000		0.000		1.390		1.824		87.605		1
110.321		211.457		0		0.000		0		0.000		0.000		1.390		1.824		87.605		1
131.746		212.906		0		0.000		0		0.000		0.000		1.390		1.824		87.605		1
156.695		211.886		0		0.000		0		0.000		0.000		1.390		1.824		87.605		1
192.260		217.073		0		0.000		0		0.000		0.000		1.390		1.824		87.605		1
170.948		207.678		0		0.000		0		0.000		0.000		1.390		1.931		96.958		2
194.516		199.842		0		0.000		0		0.000		0.000		1.390		1.932		94.449		1
99.917		208.095		0		0.000		0		0.000		0.000		1.390		1.751		83.214		1
126.587		195.078		0		0.000		0		0.000		0.000		1.390		1.751		83.214		1
87.152		233.329		0		0.000		0		0.000		0.000		1.390		1.791		81.222		2
97.128		206.034		0		0.000		0		0.000		0.000		1.390		1.824		83.284		2
117.373		208.958		0		0.000		0		0.000		0.000		1.390		1.824		83.284		2
166.757		212.918		0		0.000		0		0.000		0.000		1.390		1.824		83.284		2
139.713		206.128		0		0.000		0		0.000		0.000		1.390		1.632		57.664		2
144.401		210.560		0		0.000		0		0.000		0.000		1.390		1.632		57.664		2
182.469		210.332		0		0.000		0		0.000		0.000		1.390		1.632		57.664		2
139.953		191.055		0		0.000		0		0.000		0.000		1.390		1.632		57.664		2
182.071		203.086		0		0.000		0		0.000		0.000		1.390		1.632		57.664		2
88.150		184.691		0		0.000		0		0.000		0.000		1.390		1.830		86.951		2
188.576		199.329		0		0.000		0		0.000		0.000		1.390		1.830		86.951		2
197.532		206.237		0		0.000		0		0.000		0.000		1.390		1.830		86.951		2
132.932		306.402		0		0.000		0		0.000		0.000		1.390		1.819		72.742		1
134.092		309.352		0		0.000		0		0.000		0.000		1.390		1.813		73.377		1
95.771		185.941		0		0.000		0		0.000		0.000		1.390		1.932		97.382		1
94.933		196.682		0		0.000		0		0.000		0.000		1.390		1.932		97.382		1
90.679		184.064		0		0.000		0		0.000		0.000		1.390		1.631		53.470		2
148.490		211.299		0		0.000		0		0.000		0.000		1.390		1.631		53.470		2
137.670		302.617		0		0.000		0		0.000		0.000		1.390		1.805		86.847		2
139.368		215.558		0		0.000		0		0.000		0.000		1.390		1.935		90.774		1
200.271		201.828		0		0.000		0		0.000		0.000		1.390		1.935		90.774		1
204.122		201.980		0		0.000		0		0.000		0.000		1.390		1.935		90.774		1
97.792		197.906		0		0.000		0		0.000		0.000		1.390		1.763		76.402		2
97.980		193.872		0		0.000		0		0.000		0.000		1.390		1.763		76.402		2
175.138		205.944		0		0.000		0		0.000		0.000		1.390		1.763		76.402		2
192.601		209.852		0		0.000		0		0.000		0.000		1.390		1.763		76.402		2
203.333		219.579		0		0.000		0		0.000		0.000		1.390		1.639		61.969		1
88.615		235.843		0		0.000		0		0.000		0.000		1.390		1.729		75.277		2
134.311		269.223		0		0.000		0		0.000		0.000		1.390		1.831		89.041		1
96.007		177.175		0		0.000		0		0.000		0.000		1.390		1.640		57.716		1
117.420		202.879		0		0.000		0		0.000		0.000		1.390		1.640		57.716		1
200.531		205.592		0		0.000		0		0.000		0.000		1.390		1.640		57.716		1
137.392		290.076		0		0.000		0		0.000		0.000		1.390		1.776		81.427		1
81.380		229.523		0		0.000		0		0.000		0.000		1.390		1.403		42.724		2
112.605		205.903		0		0.000		0		0.000		0.000		1.390		1.935		86.669		2
93.320		189.783		0		0.000		0		0.000		0.000		1.390		1.784		71.842		1
152.634		211.014		0		0.000		0		0.000		0.000		1.390		1.784		71.842		1
138.069		190.779		0		0.000		0		0.000		0.000		1.390		1.784		71.842		1
160.971		292.391		0		0.000		0		0.000		0.000		1.390		1.729		69.931		2
84.291		232.273		0		0.000		0		0.000		0.000		1.390		1.817		91.398		1
140.274		210.046		0		0.000		0		0.000		0.000		1.390		1.804		90.008		1
202.828		207.176		0		0.000		0		0.000		0.000		1.390		1.788		82.702		1
203.532		198.701		0		0.000		0		0.000		0.000		1.390		1.760		77.257		1
108.418		203.417		0		0.000		0		0.000		0.000		1.390		1.635		60.062		1
147.152		195.335		0		0.000		0		0.000		0.000		1.390		1.635		60.062		1
90.453		190.330		0		0.000		0		0.000		0.000		1.390		1.785		87.869		2
121.483		202.127		0		0.000		0		0.000		0.000		1.390		1.785		87.869		2
125.940		194.630		0		0.000		0		0.000		0.000		1.390		1.785		87.869		2
201.238		211.851		0		0.000		0		0.000		0.000		1.390		1.730		77.788		1
205.278		214.603		0		0.000		0		0.000		0.000		1.390		1.816		78.938		1
201.297		215.951		0		0.000		0		0.000		0.000		1.390		1.797		86.859		2
84.591		218.138		0		0.000		0		0.000		0.000		1.390		1.789		79.810		2
96.872		192.716		0		0.000		0		0.000		0.000		1.390		1.825		85.563		2
97.214		208.847		0		0.000		0		0.000		0.000		1.390		1.756		79.986		1
111.773		201.152		0		0.000		0		0.000		0.000		1.390		1.825		85.563		2
135.564		194.977		0		0.000		0		0.000		0.000		1.390		1.825		85.563		2
131.575		183.235		0		0.000		0		0.000		0.000		1.390		1.825		85.563		2
194.339		180.060		0		0.000		0		0.000		0.000		1.390		1.825		85.563		2
209.090		194.597		0		0.000		0		0.000		0.000		1.390		1.784		78.977		1
206.848		201.120		0		0.000		0		0.000		0.000		1.390		1.738		81.253		1
135.940		207.895		0		0.000		0		0.000		0.000		1.390		1.792		71.768		2
179.289		206.236		0		0.000		0		0.000		0.000		1.390		1.792		71.768		2
200.894		188.851		0		0.000		0		0.000		0.000		1.390		1.637		61.679		1
104.732		192.526		0		0.000		0		0.000		0.000		1.390		1.822		91.132		2
106.456		204.401		0		0.000		0		0.000		0.000		1.390		1.806		73.482		1
131.174		200.162		0		0.000		0		0.000		0.000		1.390		1.806		73.482		1
165.600		177.685		0		0.000		0		0.000		0.000		1.390		1.806		73.482		1
210.564		199.279		0		0.000		0		0.000		0.000		1.390		1.743		74.870		1
92.477		178.362		0		0.000		0		0.000		0.000		1.390		1.826		81.706		2
194.435		203.469		0		0.000		0		0.000		0.000		1.390		1.826		81.706		2
201.874		202.853		0		0.000		0		0.000		0.000		1.390		1.826		81.706		2
92.619		220.716		0		0.000		0		0.000		0.000		1.390		1.739		80.180		1
97.637		194.924		0		0.000		0		0.000		0.000		1.390		1.814		87.439		1
104.961		205.221		0		0.000		0		0.000		0.000		1.390		1.814		87.439		1
88.362		188.447		0		0.000		0		0.000		0.000		1.390		1.728		81.683		2
116.363		186.981		0		0.000		0		0.000		0.000		1.390		1.728		81.683		2
186.926		188.955		0		0.000		0		0.000		0.000		1.390		1.728		81.683		2
190.957		197.871		0		0.000		0		0.000		0.000		1.390		1.728		81.683		2
192.020		197.798		0		0.000		0		0.000		0.000		1.390		1.728		81.683		2
212.648		192.429		0		0.000		0		0.000		0.000		1.390		1.806		76.397		2
140.109		304.178		0		0.000		0		0.000		0.000		1.390		1.403		42.742		2
93.322		322.172		0		0.000		0		0.000		0.000		1.390		1.799		83.557		1
94.691		194.154		0		0.000		0		0.000		0.000		1.390		1.934		96.028		1
118.415		198.564		0		0.000		0		0.000		0.000		1.390		1.934		96.028		1
91.271		187.257		0		0.000		0		0.000		0.000		1.390		1.815		83.698		1
103.226		184.381		0		0.000		0		0.000		0.000		1.390		1.815		83.698		1
113.966		200.913		0		0.000		0		0.000		0.000		1.390		1.815		83.698		1
123.582		198.522		0		0.000		0		0.000		0.000		1.390		1.815		83.698		1
137.857		189.988		0		0.000		0		0.000		0.000		1.390		1.815		83.698		1
173.798		203.103		0		0.000		0		0.000		0.000		1.390		1.815		83.698		1
88.491		223.480		0		0.000		0		0.000		0.000		1.390		1.747		79.709		1
85.592		180.186		0		0.000		0		0.000		0.000		1.390		1.750		77.470		1
195.987		195.189		0		0.000		0		0.000		0.000		1.390		1.750		77.470		1
196.780		182.541		0		0.000		0		0.000		0.000		1.390		1.770		75.752		1
200.206		198.597		0		0.000		0		0.000		0.000		1.390		1.770		75.752		1
83.941		207.287		0		0.000		0		0.000		0.000		1.390		1.937		87.046		1
97.137		321.557		0		0.000		0		0.000		0.000		1.390		1.823		88.735		2
103.618		186.859		0		0.000		0		0.000		0.000		1.390		1.929		98.657		2
151.779		203.417		0		0.000		0		0.000		0.000		1.390		1.929		98.657		2
198.490		192.466		0		0.000		0		0.000		0.000		1.390		1.929		98.657		2
205.626		181.710		0		0.000		0		0.000		0.000		1.390		1.929		98.657		2
205.257		210.825		0		0.000		0		0.000		0.000		1.390		1.741		66.486		1
90.267		224.009		0		0.000		0		0.000		0.000		1.390		1.819		83.461		1
100.184		199.254		0		0.000		0		0.000		0.000		1.390		1.752		73.844		1
134.699		199.572		0		0.000		0		0.000		0.000		1.390		1.752		73.844		1
154.030		178.871		0		0.000		0		0.000		0.000		1.390		1.752		73.844		1
193.396		193.778		0		0.000		0		0.000		0.000		1.390		1.752		73.844		1
148.959		143.816		0		0.000		0		0.000		0.000		1.390		1.810		76.111		1
145.814		298.306		0		0.000		0		0.000		0.000		1.390		1.636		70.942		2
99.422		198.913		0		0.000		0		0.000		0.000		1.390		1.793		71.655		2
113.327		188.229		0		0.000		0		0.000		0.000		1.390		1.793		71.655		2
90.822		294.229		0		0.000		0		0.000		0.000		1.390		1.928		89.388		1
193.381		198.820		0		0.000		0		0.000		0.000		1.390		1.760		77.976		2
197.364		198.861		0		0.000		0		0.000		0.000		1.390		1.760		77.976		2
206.587		206.037		0		0.000		0		0.000		0.000		1.390		1.932		90.994		1
77.274		226.337		0		0.000		0		0.000		0.000		1.390		1.748		79.200		2
91.939		174.813		0		0.000		0		0.000		0.000		1.390		1.775		79.806		2
90.313		177.934		0		0.000		0		0.000		0.000		1.390		1.775		79.806		2
197.576		194.694		0		0.000		0		0.000		0.000		1.390		1.775		79.806		2
96.112		317.515		0		0.000		0		0.000		0.000		1.390		1.930		83.510		2
94.066		189.695		0		0.000		0		0.000		0.000		1.390		1.796		88.145		2
106.292		187.231		0		0.000		0		0.000		0.000		1.390		1.796		88.145		2
111.321		187.374		0		0.000		0		0.000		0.000		1.390		1.796		88.145		2
150.655		199.336		0		0.000		0		0.000		0.000		1.390		1.796		88.145		2
209.518		189.662		0		0.000		0		0.000		0.000		1.390		1.927		86.706		2
106.343		183.415		0		0.000		0		0.000		0.000		1.390		1.783		73.995		1
109.495		187.301		0		0.000		0		0.000		0.000		1.390		1.783		73.995		1
186.087		198.413		0		0.000		0		0.000		0.000		1.390		1.783		73.995		1
191.006		194.691		0		0.000		0		0.000		0.000		1.390		1.783		73.995		1
87.285		161.377		0		0.000		0		0.000		0.000		1.390		2.098		108.354		2
97.685		180.205		0		0.000		0		0.000		0.000		1.390		2.098		108.354		2
201.311		194.834		0		0.000		0		0.000		0.000		1.390		2.098		108.354		2
203.754		196.367		0		0.000		0		0.000		0.000		1.390		1.770		78.710		2
81.723		213.878		0		0.000		0		0.000		0.000		1.390		1.634		57.112		2
81.585		216.144		0		0.000		0		0.000		0.000		1.390		1.782		75.900		2
88.358		179.021		0		0.000		0		0.000		0.000		1.390		1.819		74.223		1
99.364		183.721		0		0.000		0		0.000		0.000		1.390		1.819		74.223		1
137.835		182.948		0		0.000		0		0.000		0.000		1.390		1.819		74.223		1
181.782		189.948		0		0.000		0		0.000		0.000		1.390		1.819		74.223		1
183.709		190.663		0		0.000		0		0.000		0.000		1.390		1.819		74.223		1
113.217		185.399		0		0.000		0		0.000		0.000		1.390		1.787		70.601		1
121.516		192.898		0		0.000		0		0.000		0.000		1.390		1.787		70.601		1
175.201		190.788		0		0.000		0		0.000		0.000		1.390		1.787		70.601		1
133.219		251.246		0		0.000		0		0.000		0.000		1.390		1.730		73.584		1
107.523		187.713		0		0.000		0		0.000		0.000		1.390		1.639		56.287		1
113.046		196.063		0		0.000		0		0.000		0.000		1.390		1.639		56.287		1
111.823		187.778		0		0.000		0		0.000		0.000		1.390		1.639		56.287		1
164.273		176.965		0		0.000		0		0.000		0.000		1.390		1.639		56.287		1
148.418		160.086		0		0.000		0		0.000		0.000		1.390		1.639		56.287		1
209.236		185.588		0		0.000		0		0.000		0.000		1.390		1.817		74.519		2
86.641		209.927		0		0.000		0		0.000		0.000		1.390		1.795		75.613		2
85.331		210.853		0		0.000		0		0.000		0.000		1.390		1.812		85.259		1
96.004		312.962		0		0.000		0		0.000		0.000		1.390		1.771		78.837		1
125.226		193.888		0		0.000		0		0.000		0.000		1.390		1.743		82.887		2
187.450		176.190		0		0.000		0		0.000		0.000		1.390		1.743		82.887		2
191.055		191.448		0		0.000		0		0.000		0.000		1.390		1.743		82.887		2
193.592		190.322		0		0.000		0		0.000		0.000		1.390		1.743		82.887		2
193.826		183.360		0		0.000		0		0.000		0.000		1.390		1.743		82.887		2
204.141		181.471		0		0.000		0		0.000		0.000		1.390		1.743		82.887		2
202.661		184.333		0		0.000		0		0.000		0.000		1.390		1.743		82.887		2
207.255		196.778		0		0.000		0		0.000		0.000		1.390		2.097		111.385		1
92.607		183.194		0		0.000		0		0.000		0.000		1.390		1.811		76.794		2
108.661		187.334		0		0.000		0		0.000		0.000		1.390		1.811		76.794		2
110.045		186.749		0		0.000		0		0.000		0.000		1.186		1.811		76.794		2
179.254		190.601		0		0.000		0		0.000		0.000		1.390		1.811		76.794		2
189.188		190.261		0		0.000		0		0.000		0.000		1.390		1.641		72.788		1
187.265		193.185		0		0.000		0		0.000		0.000		1.390		1.641		72.788		1
160.047		288.883		0		0.000		0		0.000		0.000		1.390		1.745		68.185		1
94.724		183.086		0		0.000		0		0.000		0.000		1.390		1.767		79.138		1
101.767		187.098		0		0.000		0		0.000		0.000		1.390		1.767		79.138		1
109.049		183.524		0		0.000		0		0.000		0.000		1.390		1.767		79.138		1
137.252		189.931		0		0.000		0		0.000		0.000		1.390		1.767		79.138		1
189.763		191.973		0		0.000		0		0.000		0.000		1.390		1.767		79.138		1
149.240		295.249		0		0.000		0		0.000		0.000		1.390		1.784		87.032		1
92.461		315.379		0		0.000		0		0.000		0.000		1.390		1.825		82.425		2
92.036		304.631		0		0.000		0		0.000		0.000		1.390		1.637		63.929		1
93.762		174.228		0		0.000		0		0.000		0.000		1.390		1.735		65.574		1
109.355		192.332		0		0.000		0		0.000		0.000		1.390		1.735		65.574		1
184.131		177.879		0		0.000		0		0.000		0.000		1.390		1.735		65.574		1
200.902		182.883		0		0.000		0		0.000		0.000		1.390		1.735		65.574		1
110.582		174.564		0		0.000		0		0.000		0.000		1.390		1.750		67.520		2
110.324		184.326		0		0.000		0		0.000		0.000		1.390		1.750		67.520		2
131.001		170.980		0		0.000		0		0.000		0.000		1.390		1.750		67.520		2
161.975		286.907		0		0.000		0		0.000		0.000		1.390		1.639		62.053		1
88.676		167.769		0		0.000		0		0.000		0.000		1.390		1.771		75.976		1
93.650		178.320		0		0.000		0		0.000		0.000		1.390		1.771		75.976		1
99.426		180.688		0		0.000		0		0.000		0.000		1.390		1.771		75.976		1
138.116		175.607		0		0.000		0		0.000		0.000		1.390		1.771		75.976		1
190.991		182.430		0		0.000		0		0.000		0.000		1.390		1.771		75.976		1
132.084		187.461		0		0.000		0		0.000		0.000		1.390		1.759		81.941		2
190.255		185.548		0		0.000		0		0.000		0.000		1.390		1.759		81.941		2
95.560		162.326		0		0.000		0		0.000		0.000		1.390		1.834		92.416		1
89.057		174.396		0		0.000		0		0.000		0.000		1.390		1.834		92.416		1
100.943		179.832		0		0.000		0		0.000		0.000		1.390		1.834		92.416		1
123.100		178.510		0		0.000		0		0.000		0.000		1.390		1.834		92.416		1
178.801		163.983		0		0.000		0		0.000		0.000		1.390		1.834		92.416		1
189.269		181.333		0		0.000		0		0.000		0.000		1.390		1.834		92.416		1
206.073		185.677		0		0.000		0		0.000		0.000		1.390		1.795		88.223		1
206.683		189.442		0		0.000		0		0.000		0.000		1.390		1.641		59.046		1
86.062		204.340		0		0.000		0		0.000		0.000		1.390		1.731		81.187		1
97.841		176.993		0		0.000		0		0.000		0.000		1.390		1.796		82.401		1
149.962		179.732		0		0.000		0		0.000		0.000		1.390		1.930		85.529		2
191.547		164.671		0		0.000		0		0.000		0.000		1.390		1.796		82.401		1
194.674		167.294		0		0.000		0		0.000		0.000		1.390		1.796		82.401		1
196.826		188.558		0		0.000		0		0.000		0.000		1.390		1.796		82.401		1
156.910		290.905		0		0.000		0		0.000		0.000		1.390		1.800		70.874		1
87.964		170.630		0		0.000		0		0.000		0.000		1.390		1.764		78.895		1
141.857		183.585		0		0.000		0		0.000		0.000		1.390		1.764		78.895		1
156.793		188.595		0		0.000		0		0.000		0.000		1.390		1.764		78.895		1
189.592		172.752		0		0.000		0		0.000		0.000		1.390		1.764		78.895		1
204.903		192.915		0		0.000		0		0.000		0.000		1.390		1.791		70.823		1
159.190		282.404		0		0.000		0		0.000		0.000		1.390		1.728		64.303		1
104.765		187.464		0		0.000		0		0.000		0.000		1.390		2.099		112.899		2
147.553		175.459		0		0.000		0		0.000		0.000		1.390		2.099		112.899		2
169.441		162.704		0		0.000		0		0.000		0.000		1.390		2.099		112.899		2
162.961		176.954		0		0.000		0		0.000		0.000		1.390		2.099		112.899		2
86.269		205.839		0		0.000		0		0.000		0.000		1.390		1.781		71.896		1
92.015		170.025		0		0.000		0		0.000		0.000		1.390		1.639		63.222		2
107.854		176.067		0		0.000		0		0.000		0.000		1.390		1.639		63.222		2
154.624		178.540		0		0.000		0		0.000		0.000		1.390		1.639		63.222		2
89.857		164.208		0		0.000		0		0.000		0.000		1.390		1.790		85.436		2
102.384		180.018		0		0.000		0		0.000		0.000		1.390		1.790		85.436		2
197.173		172.674		0		0.000		0		0.000		0.000		1.390		1.790		85.436		2
159.593		285.395		0		0.000		0		0.000		0.000		1.390		1.634		66.327		2
89.043		141.181		0		0.000		0		0.000		0.000		1.390		1.632		62.695		1
127.619		180.845		0		0.000		0		0.000		0.000		1.390		1.632		62.695		1
135.107		179.333		0		0.000		0		0.000		0.000		1.390		1.632		62.695		1
207.199		193.112		0		0.000		0		0.000		0.000		1.390		1.780		84.009		2
146.694		178.645		0		0.000		0		0.000		0.000		1.390		1.747		68.011		1
160.102		169.955		0		0.000		0		0.000		0.000		1.390		1.747		68.011		1
198.546		183.933		0		0.000		0		0.000		0.000		1.390		1.747		68.011		1
87.327		165.549		0		0.000		0		0.000		0.000		1.390		1.637		66.698		1
91.655		164.601		0		0.000		0		0.000		0.000		1.390		1.637		66.698		1
93.452		163.675		0		0.000		0		0.000		0.000		1.390		1.637		66.698		1
99.558		186.965		0		0.000		0		0.000		0.000		1.390		1.771		67.216		2
104.874		178.085		0		0.000		0		0.000		0.000		1.390		1.637		66.698		1
143.592		178.807		0		0.000		0		0.000		0.000		1.390		1.637		66.698		1
203.241		175.606		0		0.000		0		0.000		0.000		1.390		1.637		66.698		1
204.329		187.809		0		0.000		0		0.000		0.000		1.390		1.631		67.124		2
211.018		175.827		0		0.000		0		0.000		0.000		1.390		1.640		67.836		1
93.716		306.943		0		0.000		0		0.000		0.000		1.390		1.640		61.260		1
96.596		171.333		0		0.000		0		0.000		0.000		1.390		1.731		76.625		2
145.757		182.761		0		0.000		0		0.000		0.000		1.390		1.731		76.625		2
149.706		176.892		0		0.000		0		0.000		0.000		1.390		1.731		76.625		2
185.513		177.247		0		0.000		0		0.000		0.000		1.390		1.731		76.625		2
155.845		287.482		0		0.000		0		0.000		0.000		1.390		1.799		86.275		1
154.415		291.085		0		0.000		0		0.000		0.000		1.390		1.771		83.095		2
92.926		301.359		0		0.000		0		0.000		0.000		1.390		1.744		71.472		2
90.343		170.187		0		0.000		0		0.000		0.000		1.390		1.753		85.197		1
126.941		176.934		0		0.000		0		0.000		0.000		1.390		1.753		85.197		1
130.507		176.894		0		0.000		0		0.000		0.000		1.390		1.753		85.197		1
185.176		166.701		0		0.000		0		0.000		0.000		1.390		1.753		85.197		1
204.935		174.943		0		0.000		0		0.000		0.000		1.390		1.753		85.197		1
206.322		174.561		0		0.000		0		0.000		0.000		1.390		1.753		85.197		1
207.726		175.261		0		0.000		0		0.000		0.000		1.390		1.753		85.197		1
181.896		165.846		0		0.000		0		0.000		0.000		1.390		1.742		71.278		2
193.059		179.259		0		0.000		0		0.000		0.000		1.390		1.742		71.278		2
164.993		282.113		0		0.000		0		0.000		0.000		1.390		1.937		91.681		2
160.083		256.942		0		0.000		0		0.000		0.000		1.390		1.632		61.519		2
88.440		192.929		0		0.000		0		0.000		0.000		1.390		1.935		98.753		1
88.291		156.483		0		0.000		0		0.000		0.000		1.390		1.817		81.869		1
90.906		160.150		0		0.000		0		0.000		0.000		1.390		1.817		81.869		1
95.619		169.438		0		0.000		0		0.000		0.000		1.390		1.817		81.869		1
108.662		180.054		0		0.000		0		0.000		0.000		1.390		1.817		81.869		1
209.655		164.186		0		0.000		0		0.000		0.000		1.390		1.755		81.539		1
97.065		295.171		0		0.000		0		0.000		0.000		1.390		1.772		80.204		2
85.150		161.493		0		0.000		0		0.000		0.000		1.390		1.779		71.970		2
92.817		154.649		0		0.000		0		0.000		0.000		1.390		1.779		71.970		2
102.817		165.988		0		0.000		0		0.000		0.000		1.390		1.733		70.154		1
180.666		176.221		0		0.000		0		0.000		0.000		1.390		1.779		71.970		2
188.997		176.789		0		0.000		0		0.000		0.000		1.390		1.779		71.970		2
200.276		179.418		0		0.000		0		0.000		0.000		1.390		1.779		71.970		2
84.936		150.577		0		0.000		0		0.000		0.000		1.390		1.748		68.580		2
86.033		157.047		0		0.000		0		0.000		0.000		1.390		1.748		68.580		2
97.810		162.378		0		0.000		0		0.000		0.000		1.390		1.748		68.580		2
100.193		175.613		0		0.000		0		0.000		0.000		1.390		1.748		68.580		2
126.854		172.807		0		0.000		0		0.000		0.000		1.390		1.748		68.580		2
139.380		171.915		0		0.000		0		0.000		0.000		1.390		1.748		68.580		2
152.320		178.799		0		0.000		0		0.000		0.000		1.390		1.748		68.580		2
187.420		180.253		0		0.000		0		0.000		0.000		1.390		1.748		68.580		2
99.984		169.399		0		0.000		0		0.000		0.000		1.390		1.932		87.520		2
109.349		180.475		0		0.000		0		0.000		0.000		1.390		1.932		87.520		2
110.675		180.130		0		0.000		0		0.000		0.000		1.390		1.932		87.520		2
200.237		173.859		0		0.000		0		0.000		0.000		1.390		1.932		87.520		2
88.875		161.254		0		0.000		0		0.000		0.000		1.390		1.633		53.998		1
95.161		166.680		0		0.000		0		0.000		0.000		1.390		1.633		53.998		1
107.239		179.602		0		0.000		0		0.000		0.000		1.390		1.633		53.998		1
113.988		174.774		0		0.000		0		0.000		0.000		1.390		1.633		53.998		1
143.144		172.007		0		0.000		0		0.000		0.000		1.390		1.633		53.998		1
164.947		177.608		0		0.000		0		0.000		0.000		1.390		1.633		53.998		1
94.861		292.316		0		0.000		0		0.000		0.000		1.390		1.816		81.938		2
98.470		167.001		0		0.000		0		0.000		0.000		1.390		1.775		75.468		1
140.441		172.871		0		0.000		0		0.000		0.000		1.390		1.775		75.468		1
143.860		172.276		0		0.000		0		0.000		0.000		1.390		1.775		75.468		1
190.398		176.940		0		0.000		0		0.000		0.000		1.390		1.775		75.468		1
209.191		176.122		0		0.000		0		0.000		0.000		1.390		1.825		88.951		2
86.275		153.518		0		0.000		0		0.000		0.000		1.390		1.935		84.587		2
116.906		161.830		0		0.000		0		0.000		0.000		1.390		1.935		84.587		2
170.238		170.677		0		0.000		0		0.000		0.000		1.390		1.935		84.587		2
187.406		171.549		0		0.000		0		0.000		0.000		1.390		1.935		84.587		2
200.358		167.884		0		0.000		0		0.000		0.000		1.390		1.935		84.587		2
95.441		159.199		0		0.000		0		0.000		0.000		1.390		1.733		78.276		2
114.813		165.747		0		0.000		0		0.000		0.000		1.390		1.733		78.276		2
124.884		173.847		0		0.000		0		0.000		0.000		1.390		1.733		78.276		2
130.303		170.874		0		0.000		0		0.000		0.000		1.390		1.733		78.276		2
192.231		173.748		0		0.000		0		0.000		0.000		1.390		1.733		78.276		2
211.146		181.324		0		0.000		0		0.000		0.000		1.390		1.805		82.952		2
83.536		202.574		0		0.000		0		0.000		0.000		1.390		2.098		115.400		1
91.857		149.834		0		0.000		0		0.000		0.000		1.390		1.403		42.722		2
98.226		159.304		0		0.000		0		0.000		0.000		1.390		1.403		42.722		2
109.843		159.782		0		0.000		0		0.000		0.000		1.390		1.403		42.722		2
202.116		174.933		0		0.000		0		0.000		0.000		1.390		1.403		42.722		2
91.639		155.191		0		0.000		0		0.000		0.000		1.390		1.638		59.108		1
100.187		152.008		0		0.000		0		0.000		0.000		1.390		1.638		59.108		1
106.067		169.134		0		0.000		0		0.000		0.000		1.390		1.638		59.108		1
115.103		170.451		0		0.000		0		0.000		0.000		1.390		1.638		59.108		1
117.375		176.725		0		0.000		0		0.000		0.000		1.390		1.638		59.108		1
125.437		158.168		0		0.000		0		0.000		0.000		1.390		1.638		59.108		1
197.298		176.458		0		0.000		0		0.000		0.000		1.390		1.638		59.108		1
197.835		169.099		0		0.000		0		0.000		0.000		1.390		1.638		59.108		1
152.398		252.248		0		0.000		0		0.000		0.000		1.390		1.938		88.304		2
84.288		184.058		0		0.000		0		0.000		0.000		1.390		1.932		97.915		2
120.936		174.673		0		0.000		0		0.000		0.000		1.390		1.741		75.809		1
198.635		172.575		0		0.000		0		0.000		0.000		1.390		1.741		75.809		1
208.046		170.620		0		0.000		0		0.000		0.000		1.390		1.741		75.809		1
94.149		170.310		0		0.000		0		0.000		0.000		1.390		1.730		82.006		1
103.225		171.117		0		0.000		0		0.000		0.000		1.390		1.934		100.947		2
146.416		168.061		0		0.000		0		0.000		0.000		1.390		1.730		82.006		1
198.938		164.489		0		0.000		0		0.000		0.000		1.390		1.730		82.006		1
90.098		156.024		0		0.000		0		0.000		0.000		1.390		1.806		72.713		2
161.126		155.738		0		0.000		0		0.000		0.000		1.390		1.806		72.713		2
188.593		165.785		0		0.000		0		0.000		0.000		1.390		1.806		72.713		2
168.335		255.391		0		0.000		0		0.000		0.000		1.390		1.640		60.207		2
85.207		190.314		0		0.000		0		0.000		0.000		1.390		1.799		84.348		1
90.232		299.028		0		0.000		0		0.000		0.000		1.390		1.755		70.616		1
97.296		173.338		0		0.000		0		0.000		0.000		1.390		1.768		82.929		2
192.711		175.853		0		0.000		0		0.000		0.000		1.390		1.768		82.929		2
193.013		170.809		0		0.000		0		0.000		0.000		1.390		1.768		82.929		2
197.395		160.220		0		0.000		0		0.000		0.000		1.390		1.768		82.929		2
169.740		274.940		0		0.000		0		0.000		0.000		1.390		1.789		81.527		2
92.847		289.209		0		0.000		0		0.000		0.000		1.390		1.636		57.977		2
90.536		271.345		0		0.000		0		0.000		0.000		1.390		1.755		65.846		1
97.078		166.430		0		0.000		0		0.000		0.000		1.390		1.738		79.655		2
111.181		169.491		0		0.000		0		0.000		0.000		1.390		1.738		79.655		2
126.980		169.724		0		0.000		0		0.000		0.000		1.390		1.738		79.655		2
141.890		172.976		0		0.000		0		0.000		0.000		1.390		1.738		79.655		2
209.278		179.776		0		0.000		0		0.000		0.000		1.390		1.937		100.308		1
214.079		178.665		0		0.000		0		0.000		0.000		1.390		1.781		83.773		2
88.845		152.549		0		0.000		0		0.000		0.000		1.390		1.834		89.891		1
103.791		157.222		0		0.000		0		0.000		0.000		1.390		1.834		89.891		1
178.573		170.219		0		0.000		0		0.000		0.000		1.390		1.834		89.891		1
185.415		171.380		0		0.000		0		0.000		0.000		1.390		1.834		89.891		1
195.606		172.858		0		0.000		0		0.000		0.000		1.390		1.834		89.891		1
205.179		158.578		0		0.000		0		0.000		0.000		1.390		1.834		89.891		1
113.106		162.337		0		0.000		0		0.000		0.000		1.390		1.938		96.797		1
147.295		158.827		0		0.000		0		0.000		0.000		1.390		1.938		96.797		1
202.936		169.801		0		0.000		0		0.000		0.000		1.390		1.938		96.797		1
205.393		170.044		0		0.000		0		0.000		0.000		1.390		1.938		96.797		1
99.984		159.290		0		0.000		0		0.000		0.000		1.390		1.766		66.892		1
152.741		157.910		0		0.000		0		0.000		0.000		1.390		1.766		66.892		1
194.895		163.258		0		0.000		0		0.000		0.000		1.390		1.766		66.892		1
95.275		152.652		0		0.000		0		0.000		0.000		1.390		1.931		96.529		1
174.472		163.496		0		0.000		0		0.000		0.000		1.390		1.931		96.529		1
150.902		145.239		0		0.000		0		0.000		0.000		1.390		1.931		96.529		1
201.764		156.324		0		0.000		0		0.000		0.000		1.390		1.931		96.529		1
207.290		162.063		0		0.000		0		0.000		0.000		1.390		1.931		96.529		1
84.787		142.685		0		0.000		0		0.000		0.000		1.390		1.641		61.498		2
96.831		156.541		0		0.000		0		0.000		0.000		1.390		1.641		61.498		2
102.262		158.175		0		0.000		0		0.000		0.000		1.390		1.641		61.498		2
123.842		162.974		0		0.000		0		0.000		0.000		1.390		1.641		61.498		2
118.440		163.498		0		0.000		0		0.000		0.000		1.390		1.641		61.498		2
143.039		168.998		0		0.000		0		0.000		0.000		1.390		1.641		61.498		2
172.158		163.283		0		0.000		0		0.000		0.000		1.390		1.641		61.498		2
194.222		171.708		0		0.000		0		0.000		0.000		1.390		1.641		61.498		2
98.534		156.616		0		0.000		0		0.000		0.000		1.390		1.938		100.958		2
99.710		163.040		0		0.000		0		0.000		0.000		1.390		1.938		100.958		2
119.236		170.504		0		0.000		0		0.000		0.000		1.390		1.938		100.958		2
175.195		173.014		0		0.000		0		0.000		0.000		1.390		1.755		72.820		2
208.415		154.095		0		0.000		0		0.000		0.000		1.390		1.938		100.958		2
89.545		147.773		0		0.000		0		0.000		0.000		1.390		1.635		71.362		2
100.508		155.312		0		0.000		0		0.000		0.000		1.390		1.635		71.362		2
156.050		169.073		0		0.000		0		0.000		0.000		1.390		1.635		71.362		2
190.922		169.330		0		0.000		0		0.000		0.000		1.390		1.635		71.362		2
204.353		148.824		0		0.000		0		0.000		0.000		1.390		1.635		71.362		2
173.848		118.287		0		0.000		0		0.000		0.000		1.390		1.784		73.977		2
211.483		156.620		0		0.000		0		0.000		0.000		1.390		1.806		73.119		2
203.611		162.737		0		0.000		0		0.000		0.000		1.390		1.808		75.902		2
87.553		149.113		0		0.000		0		0.000		0.000		1.390		1.735		67.812		2
108.395		168.698		0		0.000		0		0.000		0.000		1.390		1.735		67.812		2
133.960		162.673		0		0.000		0		0.000		0.000		1.390		1.735		67.812		2
148.120		159.328		0		0.000		0		0.000		0.000		1.390		1.735		74.549		1
212.467		167.226		0		0.000		0		0.000		0.000		1.390		1.641		73.032		1
92.339		159.704		0		0.000		0		0.000		0.000		1.390		1.641		65.756		1
103.808		161.256		0		0.000		0		0.000		0.000		1.390		1.641		65.756		1
108.399		163.362		0		0.000		0		0.000		0.000		1.390		1.641		65.756		1
110.817		161.807		0		0.000		0		0.000		0.000		1.390		1.641		65.756		1
113.654		155.424		0		0.000		0		0.000		0.000		1.390		1.641		65.756		1
121.609		162.501		0		0.000		0		0.000		0.000		1.390		1.641		65.756		1
208.660		157.317		0		0.000		0		0.000		0.000		1.390		1.641		65.756		1
89.145		180.800		0		0.000		0		0.000		0.000		1.390		1.635		69.761		2
86.481		193.985		0		0.000		0		0.000		0.000		1.390		1.751		82.930		1
83.705		195.663		0		0.000		0		0.000		0.000		1.390		1.928		89.567		2
118.659		152.614		0		0.000		0		0.000		0.000		1.390		1.801		84.948		2
149.568		167.176		0		0.000		0		0.000		0.000		1.390		1.801		84.948		2
152.942		166.291		0		0.000		0		0.000		0.000		1.390		1.801		84.948		2
196.782		163.409		0		0.000		0		0.000		0.000		1.390		1.801		84.948		2
187.284		143.429		0		0.000		0		0.000		0.000		1.390		1.735		81.059		1
85.349		169.358		0		0.000		0		0.000		0.000		1.390		1.928		90.330		2
95.832		147.995		0		0.000		0		0.000		0.000		1.390		1.764		75.280		1
93.714		149.432		0		0.000		0		0.000		0.000		1.390		1.764		75.280		1
93.681		158.856		0		0.000		0		0.000		0.000		1.390		1.764		75.280		1
134.532		150.419		0		0.000		0		0.000		0.000		1.390		1.764		75.280		1
97.529		151.136		0		0.000		0		0.000		0.000		1.390		1.734		72.122		1
188.092		148.474		0		0.000		0		0.000		0.000		1.390		1.734		72.122		1
149.444		144.829		0		0.000		0		0.000		0.000		1.390		1.734		72.122		1
85.606		177.501		0		0.000		0		0.000		0.000		1.390		1.932		99.762		1
88.555		132.768		0		0.000		0		0.000		0.000		1.390		1.831		82.474		1
99.020		145.244		0		0.000		0		0.000		0.000		1.390		1.831		82.474		1
122.962		168.688		0		0.000		0		0.000		0.000		1.390		1.831		82.474		1
140.022		166.137		0		0.000		0		0.000		0.000		1.390		1.831		82.474		1
143.674		146.192		0		0.000		0		0.000		0.000		1.390		1.831		82.474		1
135.602		148.517		0		0.000		0		0.000		0.000		1.390		1.831		82.474		1
201.148		162.050		0		0.000		0		0.000		0.000		1.390		1.831		82.474		1
91.121		282.871		0		0.000		0		0.000		0.000		1.390		1.729		74.063		2
115.393		163.905		0		0.000		0		0.000		0.000		1.390		1.937		89.641		2
128.603		158.247		0		0.000		0		0.000		0.000		1.390		1.937		89.641		2
198.021		157.694		0		0.000		0		0.000		0.000		1.390		1.937		89.641		2
171.394		281.039		0		0.000		0		0.000		0.000		1.390		1.635		70.750		1
85.273		146.203		0		0.000		0		0.000		0.000		1.390		1.764		79.706		2
106.949		162.846		0		0.000		0		0.000		0.000		1.390		1.764		79.706		2
129.795		156.863		0		0.000		0		0.000		0.000		1.390		1.764		79.706		2
161.598		158.413		0		0.000		0		0.000		0.000		1.390		1.764		79.706		2
176.680		163.584		0		0.000		0		0.000		0.000		1.390		1.764		79.706		2
190.366		157.313		0		0.000		0		0.000		0.000		1.390		1.764		79.706		2
178.220		271.797		0		0.000		0		0.000		0.000		1.390		1.814		75.713		2
171.185		276.876		0		0.000		0		0.000		0.000		1.390		1.825		84.210		2
93.332		286.759		0		0.000		0		0.000		0.000		1.390		1.929		93.620		2
92.274		134.598		0		0.000		0		0.000		0.000		1.390		1.930		89.554		1
92.614		143.299		0		0.000		0		0.000		0.000		1.390		1.930		89.554		1
109.277		157.087		0		0.000		0		0.000		0.000		1.390		1.930		89.554		1
147.440		147.749		0		0.000		0		0.000		0.000		1.390		1.930		89.554		1
159.305		164.087		0		0.000		0		0.000		0.000		1.390		1.747		68.542		1
162.330		156.641		0		0.000		0		0.000		0.000		1.390		1.930		89.554		1
195.731		156.219		0		0.000		0		0.000		0.000		1.390		1.930		89.554		1
205.374		154.269		0		0.000		0		0.000		0.000		1.390		1.930		89.554		1
85.400		268.935		0		0.000		0		0.000		0.000		1.390		1.802		81.616		2
87.862		135.441		0		0.000		0		0.000		0.000		1.390		1.641		54.621		1
94.806		137.567		0		0.000		0		0.000		0.000		1.390		1.641		54.621		1
134.783		147.942		0		0.000		0		0.000		0.000		1.390		1.641		54.621		1
154.903		149.878		0		0.000		0		0.000		0.000		1.390		1.641		54.621		1
170.741		151.683		0		0.000		0		0.000		0.000		1.390		1.751		65.798		2
87.193		142.172		0		0.000		0		0.000		0.000		1.390		1.937		94.163		1
88.871		145.184		0		0.000		0		0.000		0.000		1.390		1.937		94.163		1
119.376		153.580		0		0.000		0		0.000		0.000		1.390		1.937		94.163		1
192.336		147.146		0		0.000		0		0.000		0.000		1.390		1.937		94.163		1
180.093		250.374		0		0.000		0		0.000		0.000		1.390		1.755		81.156		1
183.395		267.973		0		0.000		0		0.000		0.000		1.390		1.743		71.957		2
91.519		146.058		0		0.000		0		0.000		0.000		1.390		1.635		64.659		2
142.692		157.528		0		0.000		0		0.000		0.000		1.390		1.635		64.659		2
146.229		155.294		0		0.000		0		0.000		0.000		1.390		1.635		64.659		2
192.969		154.452		0		0.000		0		0.000		0.000		1.390		1.635		64.659		2
180.593		254.467		0		0.000		0		0.000		0.000		1.390		1.808		77.870		1
86.781		273.445		0		0.000		0		0.000		0.000		1.390		1.769		84.155		1
93.865		145.266		0		0.000		0		0.000		0.000		1.390		1.735		81.206		1
108.454		150.895		0		0.000		0		0.000		0.000		1.390		1.735		81.206		1
121.317		157.866		0		0.000		0		0.000		0.000		1.390		1.735		81.206		1
156.201		161.567		0		0.000		0		0.000		0.000		1.390		1.735		81.206		1
195.026		150.113		0		0.000		0		0.000		0.000		1.390		1.735		81.206		1
215.149		168.732		0		0.000		0		0.000		0.000		1.390		1.766		81.110		1
114.928		161.588		0		0.000		0		0.000		0.000		1.390		1.641		59.227		2
216.883		161.600		0		0.000		0		0.000		0.000		1.390		1.826		77.234		1
88.179		265.869		0		0.000		0		0.000		0.000		1.390		1.803		87.463		2
89.607		279.187		0		0.000		0		0.000		0.000		1.390		1.750		80.124		1
84.945		129.854		0		0.000		0		0.000		0.000		1.390		1.802		78.573		1
96.429		144.602		0		0.000		0		0.000		0.000		1.390		1.802		78.573		1
105.442		144.554		0		0.000		0		0.000		0.000		1.390		1.802		78.573		1
174.975		151.362		0		0.000		0		0.000		0.000		1.390		1.633		69.925		1
186.166		153.120		0		0.000		0		0.000		0.000		1.390		1.802		78.573		1
202.206		151.752		0		0.000		0		0.000		0.000		1.390		1.802		78.573		1
209.033		150.407		0		0.000		0		0.000		0.000		1.390		1.802		78.573		1
91.633		139.547		0		0.000		0		0.000		0.000		1.390		1.766		69.021		2
116.331		150.760		0		0.000		0		0.000		0.000		1.390		1.766		69.021		2
128.829		155.771		0		0.000		0		0.000		0.000		1.390		1.766		69.021		2
151.067		149.342		0		0.000		0		0.000		0.000		1.390		1.766		69.021		2
148.461		143.125		0		0.000		0		0.000		0.000		1.390		1.766		69.021		2
105.946		155.909		0		0.000		0		0.000		0.000		1.390		1.736		65.979		2
115.475		149.633		0		0.000		0		0.000		0.000		1.390		1.736		65.979		2
123.861		140.924		0		0.000		0		0.000		0.000		1.390		1.736		65.979		2
182.783		142.995		0		0.000		0		0.000		0.000		1.390		1.736		65.979		2
215.185		149.178		0		0.000		0		0.000		0.000		1.390		1.752		77.568		1
101.396		144.417		0		0.000		0		0.000		0.000		1.390		1.833		76.447		2
154.849		157.228		0		0.000		0		0.000		0.000		0.895		1.833		76.447		2
162.913		155.288		0		0.000		0		0.000		0.000		1.008		1.833		76.447		2
214.061		158.990		0		0.000		0		0.000		0.000		1.390		1.935		83.922		2
95.904		141.549		0		0.000		0		0.000		0.000		1.390		2.097		119.424		1
117.169		158.016		0		0.000		0		0.000		0.000		1.390		2.097		119.424		1
198.690		149.906		0		0.000		0		0.000		0.000		1.390		2.097		119.424		1
88.222		128.834		0		0.000		0		0.000		0.000		1.390		1.768		73.911		1
91.455		127.705		0		0.000		0		0.000		0.000		1.390		1.768		73.911		1
189.633		151.949		0		0.000		0		0.000		0.000		1.390		1.768		73.911		1
192.399		150.522		0		0.000		0		0.000		0.000		1.390		1.768		73.911		1
183.375		272.181		0		0.000		0		0.000		0.000		1.390		1.815		84.835		1
102.118		151.655		0		0.000		0		0.000		0.000		1.390		1.736		70.102		2
104.932		148.609		0		0.000		0		0.000		0.000		1.390		1.932		83.660		2
111.886		148.928		0		0.000		0		0.000		0.000		1.390		1.932		83.660		2
114.557		148.813		0		0.000		0		0.000		0.000		1.390		1.932		83.660		2
208.887		145.037		0		0.000		0		0.000		0.000		1.390		1.932		83.660		2
